from_address,to_address,label
sys1qs05qfuw06dja0vglclkuz58nscmj579jll7lzr,sys1qwhd5dz4mxkfwylg9jz4x56ggnc4z2d22u4l78w,Bitget
sys1q7sun6v3agh9pnwfnffpyd6yhwj6nfn08w5c0mv,sys1qwhd5dz4mxkfwylg9jz4x56ggnc4z2d22u4l78w,Bitget
sys1q8vf8j8wll7ezqp4608en95drwcakkxqvsescu8,sys1qwhd5dz4mxkfwylg9jz4x56ggnc4z2d22u4l78w,Bitget
sys1qvhqhgej9hf82trrxdekjaxvzmtep9qqgyw8qxc,sys1qwhd5dz4mxkfwylg9jz4x56ggnc4z2d22u4l78w,Bitget
sys1q7my29rp4skv55q700ve32592zvafvjn6crrsdn,sys1qwhd5dz4mxkfwylg9jz4x56ggnc4z2d22u4l78w,Bitget
sys1qusya58p77xhmmcnkntmuzcpeyj85z9262wemvm,sys1qwhd5dz4mxkfwylg9jz4x56ggnc4z2d22u4l78w,Bitget
sys1q2k6zr9ry9llzsgvhmkrtrynqw8zlq2jklm9s0p,sys1qwhd5dz4mxkfwylg9jz4x56ggnc4z2d22u4l78w,Bitget
sys1qrxvzqgypnlqn03rrtu8uwz7ws44q00tlz8za4x,sys1qwhd5dz4mxkfwylg9jz4x56ggnc4z2d22u4l78w,Bitget
sys1qajtcl0jl20n592qr3d3lmjah4csea0zvtv4j77,sys1qwhd5dz4mxkfwylg9jz4x56ggnc4z2d22u4l78w,Bitget
sys1qcgrzm2memhkgqsevw9gktgy7u7tzygvemrjq5y,sys1qwhd5dz4mxkfwylg9jz4x56ggnc4z2d22u4l78w,Bitget
sys1q9rdv4d3j3cj3df4jrhcsfhsrq4qsw7hp66vfl6,sys1qwhd5dz4mxkfwylg9jz4x56ggnc4z2d22u4l78w,Bitget
sys1qw6695am8wp05mes7rq99595ztyfn2y4vkuvt20,sys1qwhd5dz4mxkfwylg9jz4x56ggnc4z2d22u4l78w,Bitget
sys1qh5rt043l4s9grq5emhlkw2rtflf77nyy2rj3un,sys1qwhd5dz4mxkfwylg9jz4x56ggnc4z2d22u4l78w,Bitget
sys1qeg697vlfgxggs2k5hxv2dty33gszmtgd3333ld,sys1qwhd5dz4mxkfwylg9jz4x56ggnc4z2d22u4l78w,Bitget
sys1q4ryhmq74lun2xdd4yuxac64j4wtls6vgg5n890,sys1qwhd5dz4mxkfwylg9jz4x56ggnc4z2d22u4l78w,Bitget
sys1qc00n3qdnkzyt2ehnx84s7f2sdu6f3ksh522wc9,sys1qwhd5dz4mxkfwylg9jz4x56ggnc4z2d22u4l78w,Bitget
sys1qudul7ta37c24e76d6ekdk563dpxskvzlr9utgh,sys1qwhd5dz4mxkfwylg9jz4x56ggnc4z2d22u4l78w,Bitget
sys1qcj840lu2m9v0dnqm9ajpp0pusgtn50kuwn7mw6,sys1qwhd5dz4mxkfwylg9jz4x56ggnc4z2d22u4l78w,Bitget
SMk89rLxW1DjjnnHaoT771LMKCip4S8wRH,ScM7oHdCXXZistSxPr7YjxyZ8tUf3HG8c2,Gate
SYB7KwxBoffYqFm5d2YQcMihAcuSWE1ojx,ScM7oHdCXXZistSxPr7YjxyZ8tUf3HG8c2,Gate
SiATwdpf68Fw7cLY8vmhNJFqMkfeo7irvs,ScM7oHdCXXZistSxPr7YjxyZ8tUf3HG8c2,Gate
SgFkVX3C4rh8MmtFXoPSCGtjD8Kg7Q61ND,sys1q5mqfy3hvp0nwlrs9xu60xt84xhy5yrwcvps9s9,Gate
sys1q5mqfy3hvp0nwlrs9xu60xt84xhy5yrwcvps9s9,SiATwdpf68Fw7cLY8vmhNJFqMkfeo7irvs,Gate
sys1q796zhdepu0f0guary2qvuhdyczxfvk2mw3k2ym,sys1qeyt05mxwlud4q66u8u2jtyq4markks4ru5ldk8,MEXC
sys1q796zhdepu0f0guary2qvuhdyczxfvk2mw3k2ym,sys1q3ec7z8up0phw83t0rund94h0d577lfls9eel38,MEXC
sys1q6am7wjm9tl3kamqxmx7pxem5a4w9ft4tedn0qe,sys1qeyt05mxwlud4q66u8u2jtyq4markks4ru5ldk8,MEXC
sys1qplz3yzgdcpw9t0zp8zflpfv9eak5gju988n62r,sys1qeyt05mxwlud4q66u8u2jtyq4markks4ru5ldk8,MEXC
sys1q0nh2wcdy28jpu5upgp0pf2qr0gcfn5ae47qx8y,sys1qna83egqpe3yj3nnl8puqwv8tqwguy96zhg9tvh,Ex(Unknown)
sys1qgqnhxsm2yauy63ju5h2qgnyyagz3ahyguv3nxy,sys1qna83egqpe3yj3nnl8puqwv8tqwguy96zhg9tvh,Ex(Unknown)
sys1qvznghs0eeprxwz98nks4kayruzql3ynrzk544n,sys1qna83egqpe3yj3nnl8puqwv8tqwguy96zhg9tvh,Ex(Unknown)
sys1qgufl55phaje35ytzm88e4ec64wxdrah7wehrtr,sys1qna83egqpe3yj3nnl8puqwv8tqwguy96zhg9tvh,Ex(Unknown)
sys1qya47nfvjc60dy3gvlgyspjxwxm8ja8hgjdtv4j,sys1qna83egqpe3yj3nnl8puqwv8tqwguy96zhg9tvh,Ex(Unknown)
sys1qymzzdd8mlnzs80jlza7lm0qcdmt54xd7k02p4d,sys1qexf95pzlun27jr0vuyt55emtxvrlxa44ddk859,Ex(Unknown)
sys1qe0aw6qr7ddgqvgnudlpany36sygy78gtr89dsn,sys1qexf95pzlun27jr0vuyt55emtxvrlxa44ddk859,Ex(Unknown)
sys1qy8vgpfqq4hyrxg5292nxh7wngua40rterj0w4a,sys1qexf95pzlun27jr0vuyt55emtxvrlxa44ddk859,Ex(Unknown)
sys1qnefgdm952cldeapxgqlnr75jejmumqsu27xmgk,sys1qe5vdffvlpyvkj3z3fqw8kc639s2dykp7smun9w,Ex(Unknown)
sys1q4zsw8nm4slrfk5ye733uc76gmdqq0x5uah4mn3,sys1qe5vdffvlpyvkj3z3fqw8kc639s2dykp7smun9w,Ex(Unknown)
sys1qu92fk7d65qvmpl4a0mklkv2npapn7vslljv5y0,sys1qcfz9dne8ffk5at79p3et76fzgvwxlxymsc6lje,Ex(Unknown)
sys1qg04s57lder3ygrm075tegtlk7hl6xtvs8xd3ld,sys1qcfz9dne8ffk5at79p3et76fzgvwxlxymsc6lje,Ex(Unknown)
SjSvUy7ftBq6sSyk1mgDCSVo8CWQdQ5kS1,ScM7oHdCXXZistSxPr7YjxyZ8tUf3HG8c2,Gate
SfVKPdVUnoifyGKErkNW6jXg9EjBXRvrDh,ScM7oHdCXXZistSxPr7YjxyZ8tUf3HG8c2,Gate
SRWr95bm8KpneHF3nw4y5SU5GbacgFRVKV,ScM7oHdCXXZistSxPr7YjxyZ8tUf3HG8c2,Gate
SaujSY3Pt3KGkj95X953tVbcFwCH8CCgdo,ScM7oHdCXXZistSxPr7YjxyZ8tUf3HG8c2,Gate
SV8gDVCJhfj6ZatqvkJjE9eGdwj3a38LRs,ScM7oHdCXXZistSxPr7YjxyZ8tUf3HG8c2,Gate
sys1q6am7wjm9tl3kamqxmx7pxem5a4w9ft4tedn0qe,sys1q3ec7z8up0phw83t0rund94h0d577lfls9eel38,MEXC
SMSU9p8fN8TkQkKf6ge5PHoc4s1V9kzMiP,ScM7oHdCXXZistSxPr7YjxyZ8tUf3HG8c2,Gate
SNTtwbJEp165tHandXz31ayHoa2Gd9LLcG,ScM7oHdCXXZistSxPr7YjxyZ8tUf3HG8c2,Gate
SPEQ1NBBzbbUzi5mUfBkxuQEF9RrT93dZ1,ScM7oHdCXXZistSxPr7YjxyZ8tUf3HG8c2,Gate
SPehB7KWFDmypsHCiHn27GbsupTVoZWJnR,ScM7oHdCXXZistSxPr7YjxyZ8tUf3HG8c2,Gate
SQUa5cSovt16jaGxm4MUSpA6C8XKATq4Fs,ScM7oHdCXXZistSxPr7YjxyZ8tUf3HG8c2,Gate
SRb3Bkey18vPEeHZ9srUNEvjCY37Pfiqhx,ScM7oHdCXXZistSxPr7YjxyZ8tUf3HG8c2,Gate
SRcSM1UVFw1qBg39P6sDG9ZKSJoHbmsREj,ScM7oHdCXXZistSxPr7YjxyZ8tUf3HG8c2,Gate
SReUezqSh95SWvETrUzHndVsSpuvfqV3ar,ScM7oHdCXXZistSxPr7YjxyZ8tUf3HG8c2,Gate
SRhhZkGv9D1BukmV6oNQ9FoARiuREaqbJQ,ScM7oHdCXXZistSxPr7YjxyZ8tUf3HG8c2,Gate
SRxBnr5MuqhPKFHYZb5Hs8qCVMKPL1Dwvq,ScM7oHdCXXZistSxPr7YjxyZ8tUf3HG8c2,Gate
SSZnJwzHbaNr79H1U9y9Jw1MdWXeQg2Cy1,ScM7oHdCXXZistSxPr7YjxyZ8tUf3HG8c2,Gate
SSvbDEzrWHq6fzQCoiNTFzVDHqfKcAh3oX,ScM7oHdCXXZistSxPr7YjxyZ8tUf3HG8c2,Gate
STD2o1u5RRQ5bE7oL9FnGU7JwigUjFBzkw,ScM7oHdCXXZistSxPr7YjxyZ8tUf3HG8c2,Gate
STPD3rxfJQXei4RkVsj6BQ37kiwDTPWXy2,ScM7oHdCXXZistSxPr7YjxyZ8tUf3HG8c2,Gate
STjsFb3LbrmSuFhgh33kPWTmBm33KmrZwi,ScM7oHdCXXZistSxPr7YjxyZ8tUf3HG8c2,Gate
SU7YoHJvMaVW1CEoVusqrcmNZcqefDjKY9,ScM7oHdCXXZistSxPr7YjxyZ8tUf3HG8c2,Gate
SUTfsaD2RjYBvZ6iTJKkZQTmtpqA3S8oH8,ScM7oHdCXXZistSxPr7YjxyZ8tUf3HG8c2,Gate
SUvFduCSKrLXYgFoJXtmHUTwZq1EGFN5Xt,ScM7oHdCXXZistSxPr7YjxyZ8tUf3HG8c2,Gate
SUxtTSGEPBFgMzNSPFUrrSgPBVceg16z1g,ScM7oHdCXXZistSxPr7YjxyZ8tUf3HG8c2,Gate
SWYRS89PhQfscmFhMU3W4rXoHTuK4cQ5rW,ScM7oHdCXXZistSxPr7YjxyZ8tUf3HG8c2,Gate
SX5BS5wQpenmj1emi319q6MwAqQ2uREvzs,ScM7oHdCXXZistSxPr7YjxyZ8tUf3HG8c2,Gate
SX9Mgn5ji5sBdupYggXe3mNUD2NRV83TYJ,ScM7oHdCXXZistSxPr7YjxyZ8tUf3HG8c2,Gate
SXUTZxnaqZ4NQvo2mn3XvGdHXBfGfMaeAW,ScM7oHdCXXZistSxPr7YjxyZ8tUf3HG8c2,Gate
SXh6TF9dMSthkWj7XzfJBsxKe6XvZboYpR,ScM7oHdCXXZistSxPr7YjxyZ8tUf3HG8c2,Gate
SXsJd3c6gXx7rqN5uzkwf2caA3RqRKDgym,ScM7oHdCXXZistSxPr7YjxyZ8tUf3HG8c2,Gate
SYiT92RcPo14EBufnNRdL18869ucDmF3pe,ScM7oHdCXXZistSxPr7YjxyZ8tUf3HG8c2,Gate
SYvWZGZooRwTRR8k6ac36DbJAtoYj7TtTM,ScM7oHdCXXZistSxPr7YjxyZ8tUf3HG8c2,Gate
SaKjV4dHSDSuxHnMqhghEzLLAzq2mnPUaN,ScM7oHdCXXZistSxPr7YjxyZ8tUf3HG8c2,Gate
Saxt2eV45kJRr2CPm2K32JCT4NTYUeyWQN,ScM7oHdCXXZistSxPr7YjxyZ8tUf3HG8c2,Gate
SbLGLtgur2D71qEbjPef9V7ZDMgnmLgScq,ScM7oHdCXXZistSxPr7YjxyZ8tUf3HG8c2,Gate
SbfCP4PAQFKEa5eQ336aXH4f7bLLgde2wk,ScM7oHdCXXZistSxPr7YjxyZ8tUf3HG8c2,Gate
Sbj1pSs2D6oncK6sWXwr4GDSa5CNSDzx3h,ScM7oHdCXXZistSxPr7YjxyZ8tUf3HG8c2,Gate
SbrkgfcscxjEzRmMRperriofAdQH9uSQRs,ScM7oHdCXXZistSxPr7YjxyZ8tUf3HG8c2,Gate
ScA7JkBoZ8REfpJufdGkS6cDHFiJRKH2Xd,ScM7oHdCXXZistSxPr7YjxyZ8tUf3HG8c2,Gate
ScKkJBKvUt75uwyrdaeoRjhpxTq2kUR7tx,ScM7oHdCXXZistSxPr7YjxyZ8tUf3HG8c2,Gate
ScqM2fUGyzZMuMMDXXzfbqhTzxZmC7Zvdc,ScM7oHdCXXZistSxPr7YjxyZ8tUf3HG8c2,Gate
SeT4G9QgLxu1Qv4p3TCQZcJSLPgqhvFj9G,ScM7oHdCXXZistSxPr7YjxyZ8tUf3HG8c2,Gate
Sfv9KHzEaaqA8bjLPtUQgBHNmrwiVgiaYg,ScM7oHdCXXZistSxPr7YjxyZ8tUf3HG8c2,Gate
SghyZ4ybDgtu9xQY2Zx6SHzCVtPDw1yfCx,ScM7oHdCXXZistSxPr7YjxyZ8tUf3HG8c2,Gate
SgsdnXiYR6msmLVirf6DDb6rfpuZ7PQhRd,ScM7oHdCXXZistSxPr7YjxyZ8tUf3HG8c2,Gate
ShP45Q5vdyzjxguthMQyM5RBPG48VqkRu6,ScM7oHdCXXZistSxPr7YjxyZ8tUf3HG8c2,Gate
ShVCHR9ewSV1tSeXh2DyY3bYTsWa5dVfei,ScM7oHdCXXZistSxPr7YjxyZ8tUf3HG8c2,Gate
ShrAoVnYJTNed7SQWXHiYQ39LnRpVSH2Da,ScM7oHdCXXZistSxPr7YjxyZ8tUf3HG8c2,Gate
SiFEpEqAJ9tBWV2m35kqJ944ki4qamWEuS,ScM7oHdCXXZistSxPr7YjxyZ8tUf3HG8c2,Gate
SiTnYcpAb2GVP4p1fMXtJbMF2DEErdT83q,ScM7oHdCXXZistSxPr7YjxyZ8tUf3HG8c2,Gate
SjArX2npWQCgJ8LHdjMPWWGjFSCwuDZxMa,ScM7oHdCXXZistSxPr7YjxyZ8tUf3HG8c2,Gate
SkCSEL7ieAgH79W6ZhFcz7wFXMYQTtRqa2,ScM7oHdCXXZistSxPr7YjxyZ8tUf3HG8c2,Gate
SboYLN491wtYZsy2ubbV6EmZKX4z6CLAwR,ScM7oHdCXXZistSxPr7YjxyZ8tUf3HG8c2,Gate
SMbthCSsuybZRp5JxEw2ckEeuKiWtPkXGu,ScM7oHdCXXZistSxPr7YjxyZ8tUf3HG8c2,Gate
SNH1iDH1QhSTcipFcLa4CJSMmQHJhRt8nL,ScM7oHdCXXZistSxPr7YjxyZ8tUf3HG8c2,Gate
SNYU5Kbjc4gVNCJCMwNCv2q4mjTQfZgsJ7,ScM7oHdCXXZistSxPr7YjxyZ8tUf3HG8c2,Gate
SQ6eAYf2TwFX1BKwKjApK9CsbBQ8vn9uWu,ScM7oHdCXXZistSxPr7YjxyZ8tUf3HG8c2,Gate
STHMhzNwivrPZyex4U7UgXuQnaebgUdzaK,ScM7oHdCXXZistSxPr7YjxyZ8tUf3HG8c2,Gate
SU2nY4LR9Su7AXwjYHtDRiiVq3BwUnfNqW,ScM7oHdCXXZistSxPr7YjxyZ8tUf3HG8c2,Gate
SVHiX5BsAdGcHyjcLbJDTAQZuXdteXc4v5,ScM7oHdCXXZistSxPr7YjxyZ8tUf3HG8c2,Gate
SVS2tsybTRvvBofjNQCV5WLLabmn8mqq51,ScM7oHdCXXZistSxPr7YjxyZ8tUf3HG8c2,Gate
SVSKH8iVnXTfEkt3bkFKn4FwRK4WURucx7,ScM7oHdCXXZistSxPr7YjxyZ8tUf3HG8c2,Gate
SWGokdF4xtcTpJDSkQXuhqYwrxwBHXJp2g,ScM7oHdCXXZistSxPr7YjxyZ8tUf3HG8c2,Gate
SXS9sY94du3GMd4U8ZkmePUM3oYst8YrXJ,ScM7oHdCXXZistSxPr7YjxyZ8tUf3HG8c2,Gate
SXeXsdcQwJsR4gwpawD8LvVcygaBVfzQGt,ScM7oHdCXXZistSxPr7YjxyZ8tUf3HG8c2,Gate
SYTiSYCGJZkp27MS91a5FcTVZiGKTJYEV8,ScM7oHdCXXZistSxPr7YjxyZ8tUf3HG8c2,Gate
SYvADNNAF4XdPW6DiakwooEXtqHe5BjLUb,ScM7oHdCXXZistSxPr7YjxyZ8tUf3HG8c2,Gate
SZm9UkSDN4K7DQfZPEQUE5MYfZQ4KK5tjk,ScM7oHdCXXZistSxPr7YjxyZ8tUf3HG8c2,Gate
Sa1DWc3mwbroQGjvB4pHszrUWG8Hzojejm,ScM7oHdCXXZistSxPr7YjxyZ8tUf3HG8c2,Gate
SaFgkhiopqFsfEKFzbqH4jKLQ3PQ1o1F8N,ScM7oHdCXXZistSxPr7YjxyZ8tUf3HG8c2,Gate
SaGqnFdPzuQd9WY9JaW2Q2oupp2Ksddv7z,ScM7oHdCXXZistSxPr7YjxyZ8tUf3HG8c2,Gate
SbDoNbyxPjvihtBR7e9tPHoJJRrJ8WUFsr,ScM7oHdCXXZistSxPr7YjxyZ8tUf3HG8c2,Gate
SbNecT9LEZX5U2qqAx8xuaYhwkNCgiFiFo,ScM7oHdCXXZistSxPr7YjxyZ8tUf3HG8c2,Gate
SbsRpG2WvkTWWUiixKZVQMfd2vaXjncLN4,ScM7oHdCXXZistSxPr7YjxyZ8tUf3HG8c2,Gate
Sc46BKGc39S6nRNz565Py6ipL2QkBaorkk,ScM7oHdCXXZistSxPr7YjxyZ8tUf3HG8c2,Gate
Se1QATAmphaSkZ89TW5joiCTYxiQn7jJsQ,ScM7oHdCXXZistSxPr7YjxyZ8tUf3HG8c2,Gate
SeFJE4uzZRS7rCWS8PMU5iQmtpCNA3XtcC,ScM7oHdCXXZistSxPr7YjxyZ8tUf3HG8c2,Gate
SeWNLYSaTHwCd3AQUasZStYMpqVcTBU9rF,ScM7oHdCXXZistSxPr7YjxyZ8tUf3HG8c2,Gate
SerbSFVXSfnEEAYVfjsoXiZVie1NxdCL1N,ScM7oHdCXXZistSxPr7YjxyZ8tUf3HG8c2,Gate
Si1fX2AUZ2xt6eWbzVNZnW7mVSnAs1MDJc,ScM7oHdCXXZistSxPr7YjxyZ8tUf3HG8c2,Gate
Sj5hKqJNZr2EhbESuoqFGmXLdStfa3DvTp,ScM7oHdCXXZistSxPr7YjxyZ8tUf3HG8c2,Gate
SjxEPsLXv8Hu5ChmFBtdaLyoEU2TediKgK,ScM7oHdCXXZistSxPr7YjxyZ8tUf3HG8c2,Gate
Skd8N8kooLLDjxQkWaGVV4ezj6GNPwQHVz,ScM7oHdCXXZistSxPr7YjxyZ8tUf3HG8c2,Gate
SYWbf7mMxQRpbhmZPUwgehS9CBrn6PhAMs,ScM7oHdCXXZistSxPr7YjxyZ8tUf3HG8c2,Gate
SfceP8UbNE2qgpzoC4VzBuav2M79a3ygUA,ScM7oHdCXXZistSxPr7YjxyZ8tUf3HG8c2,Gate
SRTAfixXKXTar3r7QSoghfrzizUPyp6XKH,ScM7oHdCXXZistSxPr7YjxyZ8tUf3HG8c2,Gate
SPozR9y3Dy1B2yAD4zuKexecJmTt3i1RaA,ScM7oHdCXXZistSxPr7YjxyZ8tUf3HG8c2,Gate
SbBLYeXXRoTnYxDipCTX55gNFGUV3J73qk,ScM7oHdCXXZistSxPr7YjxyZ8tUf3HG8c2,Gate
sys1q9em90qx24kelhaayt3nfmth0h54d8znl7jas3w,sys1qkah23xlfjs0hx66u48q639e72k3fyhwecsn4py,Ex(Unknown)
sys1qn8x8uwl78k566prp2r2am8nx2qk7me0pmkngxj,sys1qcdc66dh3dq2u08rhlxhu2ae8tqp8z23zueka83,Gate
sys1qgqnhxsm2yauy63ju5h2qgnyyagz3ahyguv3nxy,sys1qkah23xlfjs0hx66u48q639e72k3fyhwecsn4py,Ex(Unknown)
SQN2kG6Be6ceS7EwhVVKxTWtB6sUDJGW1Y,ScM7oHdCXXZistSxPr7YjxyZ8tUf3HG8c2,Gate
SgWVaNYEW3tm85AtC7LZXCpUgBgSqQ453U,ScM7oHdCXXZistSxPr7YjxyZ8tUf3HG8c2,Gate
SQtT7LELMvdCM6y6JaSZBQvLfJ9LzCPT15,ScM7oHdCXXZistSxPr7YjxyZ8tUf3HG8c2,Gate
SavXXXe3b4Ccd7MvuthUHE72juns99goZ2,ScM7oHdCXXZistSxPr7YjxyZ8tUf3HG8c2,Gate
sys1quglamsz3zfjexlrp25sw25lemx9q93q0txgp0w,sys1q3ec7z8up0phw83t0rund94h0d577lfls9eel38,MEXC
sys1q9em90qx24kelhaayt3nfmth0h54d8znl7jas3w,sys1qna83egqpe3yj3nnl8puqwv8tqwguy96zhg9tvh,Ex(Unknown)
sys1qnxe6ny3q7ud7dd9l4yhmckmr76ssr0xpcv64ch,sys1qna83egqpe3yj3nnl8puqwv8tqwguy96zhg9tvh,Ex(Unknown)
SjoGJM4CmKoi4GU1MDAKms9WAKfKRivB97,ScM7oHdCXXZistSxPr7YjxyZ8tUf3HG8c2,Gate
Sad1NhyUkUjThZ4XNERvDYHZ1fHqZ8KrsE,ScM7oHdCXXZistSxPr7YjxyZ8tUf3HG8c2,Gate
Si1r7NW32bqaDSzvjyoAKhiZie4VkFwxe1,ScM7oHdCXXZistSxPr7YjxyZ8tUf3HG8c2,Gate
sys1qq6jjh5tm3cs3kpnl3j93ma6e7qetpvja6nxjlj,sys1qna83egqpe3yj3nnl8puqwv8tqwguy96zhg9tvh,Ex(Unknown)
SgLKAt6bTzEpYUCB7RTDdRwpdiNbFPEt5t,ScM7oHdCXXZistSxPr7YjxyZ8tUf3HG8c2,Gate
STRaQK1XeFdSMbpYjwnSbrevCdeNcvLMZs,ScM7oHdCXXZistSxPr7YjxyZ8tUf3HG8c2,Gate
sys1qaw7qyvakhgzd7m30ay8el0r953n9ah3fk89slc,sys1qwhd5dz4mxkfwylg9jz4x56ggnc4z2d22u4l78w,Bitget
SNiRYmVfQ3q4XV6imK174NeYEAhLBv29Eg,ScM7oHdCXXZistSxPr7YjxyZ8tUf3HG8c2,Gate
SS98t6pDNjJUN4h66F6UkKH1zuc4B4byfr,ScM7oHdCXXZistSxPr7YjxyZ8tUf3HG8c2,Gate
sys1qya47nfvjc60dy3gvlgyspjxwxm8ja8hgjdtv4j,sys1qkah23xlfjs0hx66u48q639e72k3fyhwecsn4py,Ex(Unknown)
sys1qjqglpeknwlcrjmh4kf9gax9q7yur9ry9v2f0p6,sys1qna83egqpe3yj3nnl8puqwv8tqwguy96zhg9tvh,Ex(Unknown)
sys1qpserd3a0ympzyus82ep5f8q4rtrueg4adwslgk,sys1qwhd5dz4mxkfwylg9jz4x56ggnc4z2d22u4l78w,Bitget
sys1qm2el63umlrm0mjjr2rcmxmnqpyeynwmtdxr6qp,sys1qwhd5dz4mxkfwylg9jz4x56ggnc4z2d22u4l78w,Bitget
sys1qmy3er29n2evgjlsm66r7v27pxg09jz93qutg4s,sys1qwhd5dz4mxkfwylg9jz4x56ggnc4z2d22u4l78w,Bitget
sys1q90m2txte5km7a72zsj2pdhgv9etnktzyms27pp,sys1qwhd5dz4mxkfwylg9jz4x56ggnc4z2d22u4l78w,Bitget
sys1qjkrw7afekwkvhvy7smdytre60z8pj8r7wzkul5,sys1qwhd5dz4mxkfwylg9jz4x56ggnc4z2d22u4l78w,Bitget
sys1qukge2frf6hnun5n75ymq2axez3p250tggua9dr,sys1qwhd5dz4mxkfwylg9jz4x56ggnc4z2d22u4l78w,Bitget
SZYDNP6cwQSZiVrhLGSQDXw6GqAAfaoBQ8,ScM7oHdCXXZistSxPr7YjxyZ8tUf3HG8c2,Gate
sys1q9twpzaxd9n4lfpmsw955lyu2u67ryd805x7th9,sys1qeyt05mxwlud4q66u8u2jtyq4markks4ru5ldk8,MEXC
sys1qzqtfg66qk47hnma2kqujazq74aawzcpgnul7cy,sys1qwhd5dz4mxkfwylg9jz4x56ggnc4z2d22u4l78w,Bitget
sys1qg3n3jzs32ufs92tkww82ph59ju6dzncn25v2yd,sys1qwhd5dz4mxkfwylg9jz4x56ggnc4z2d22u4l78w,Bitget
sys1q6g72807hshh7a0lrz2mxpng27cv8ztyh5trevq,sys1qwhd5dz4mxkfwylg9jz4x56ggnc4z2d22u4l78w,Bitget
SMSqNeRMgs2wzoY5AA5i4vkQ6MoH7rkNrM,ScM7oHdCXXZistSxPr7YjxyZ8tUf3HG8c2,Gate
SbVtWXr1vHcN2xcXSaNU9rgEQN3tqH5sxW,ScM7oHdCXXZistSxPr7YjxyZ8tUf3HG8c2,Gate
SfHPkwM7eV67mPGx17FcejZwHARFGZRKYX,ScM7oHdCXXZistSxPr7YjxyZ8tUf3HG8c2,Gate
sys1q2t8p9vk3suz87t9sjvee3wmkwcuwwe8vm2zlnw,sys1qwhd5dz4mxkfwylg9jz4x56ggnc4z2d22u4l78w,Bitget
sys1qy0rcsjzltjgmedtc6zmw8haevujy7t67s787xg,sys1qwhd5dz4mxkfwylg9jz4x56ggnc4z2d22u4l78w,Bitget
sys1q9avrwzpkekzuegdf2q2enuxj9t8ptxh4cq5zwp,sys1qwhd5dz4mxkfwylg9jz4x56ggnc4z2d22u4l78w,Bitget
Se3MPJr9vZSqWjjKMCVW6hbdU31iWSNMqn,ScM7oHdCXXZistSxPr7YjxyZ8tUf3HG8c2,Gate
sys1qxc7phunennmwd20l8vdxeusg9achf30lkwcsd5,sys1qwhd5dz4mxkfwylg9jz4x56ggnc4z2d22u4l78w,Bitget
sys1q2ex3fpreezdv207swpnj8g73mzt835p9vsazu8,sys1qwhd5dz4mxkfwylg9jz4x56ggnc4z2d22u4l78w,Bitget
sys1qme2vcy9txprccm7dszxvzhktrj93ah0vmhrxgm,sys1qwhd5dz4mxkfwylg9jz4x56ggnc4z2d22u4l78w,Bitget
sys1qvqyvf0z5kcwz0dk8hxfgt2a2gpn2v78fhh5vah,sys1qwhd5dz4mxkfwylg9jz4x56ggnc4z2d22u4l78w,Bitget
sys1qcc0mw82xtqhhc55wm9qcfe4798t753u7283znh,sys1qwhd5dz4mxkfwylg9jz4x56ggnc4z2d22u4l78w,Bitget
sys1qxv7dk2u9lwjfdmamnpf89qadllawkt5fcyvz50,sys1qwhd5dz4mxkfwylg9jz4x56ggnc4z2d22u4l78w,Bitget
San3hpKA9gLKgG8qphjko7hA39hF1WBAbA,ScM7oHdCXXZistSxPr7YjxyZ8tUf3HG8c2,Gate
sys1qar4hawq4g6g94a8ak5vqxqv6ry0aujs7xs6jyl,sys1qwhd5dz4mxkfwylg9jz4x56ggnc4z2d22u4l78w,Bitget
sys1qql64kxcuh2zzrfsvuhgf8m4ta0huxyseu8r7g4,sys1qwhd5dz4mxkfwylg9jz4x56ggnc4z2d22u4l78w,Bitget
sys1qfsmtwfqwhjms3aaw6qvfhmev7nrjqjwtc448v5,sys1qwhd5dz4mxkfwylg9jz4x56ggnc4z2d22u4l78w,Bitget
sys1qql9yjqhx08qyspkc8d236nexnj2q2qg9u5nsuf,sys1qwhd5dz4mxkfwylg9jz4x56ggnc4z2d22u4l78w,Bitget
sys1q23m960yns54wt4pvhca8dgyd3uasrny2t0cmxh,sys1qwhd5dz4mxkfwylg9jz4x56ggnc4z2d22u4l78w,Bitget
sys1qk4g7ayasx95xztcvn56zlj65s3x82kkty2n9up,sys1qwhd5dz4mxkfwylg9jz4x56ggnc4z2d22u4l78w,Bitget
sys1qwldqqmvqudk2jmfjnztef3t3nz0l6c2pt3hz42,sys1qeyt05mxwlud4q66u8u2jtyq4markks4ru5ldk8,MEXC
sys1qs7nh47ex8r8hd0q9wsyx3rdx6ps7zyx9jvckxq,sys1qwhd5dz4mxkfwylg9jz4x56ggnc4z2d22u4l78w,Bitget
sys1q6a364k2e75py7srcx9dmfell3shynnvk7r5ese,sys1qwhd5dz4mxkfwylg9jz4x56ggnc4z2d22u4l78w,Bitget
sys1qs38na4a2dt93fn4uypzdz2d7wteuswve7ffmdu,sys1qwhd5dz4mxkfwylg9jz4x56ggnc4z2d22u4l78w,Bitget
SV5PMYpNQ8jW4iX8LxEe1tMK6RdbsXiYff,ScM7oHdCXXZistSxPr7YjxyZ8tUf3HG8c2,Gate
SkMPGTgXAc77rQ7JeDyESLMG2wrvxBbSdf,ScM7oHdCXXZistSxPr7YjxyZ8tUf3HG8c2,Gate
sys1qttyzdve0wvuvht4g7nyqw4lmrlzz432pdpy2rm,sys1qeyt05mxwlud4q66u8u2jtyq4markks4ru5ldk8,MEXC
sys1qsxjtys544nnwkplw5h7etyal7xvcw09mwa64kk,sys1qwhd5dz4mxkfwylg9jz4x56ggnc4z2d22u4l78w,Bitget
sys1q7yc6ta7jw99fg2ueq8tgch7pwfdjm4xkzudacp,sys1qwhd5dz4mxkfwylg9jz4x56ggnc4z2d22u4l78w,Bitget
sys1q5892p7dcn5xs0r2ttekcegyqgl0pqg76epx4wd,sys1qwhd5dz4mxkfwylg9jz4x56ggnc4z2d22u4l78w,Bitget
sys1q3h0qnack0z0pzwp3935u9sxad74j0uw24px6jr,sys1qwhd5dz4mxkfwylg9jz4x56ggnc4z2d22u4l78w,Bitget
sys1qnw47kne7hmasldstytfju9em3rzu65skyfc8hq,sys1qwhd5dz4mxkfwylg9jz4x56ggnc4z2d22u4l78w,Bitget
sys1q4keulmnmq6xy7vetqxkj6munwa00j6eh5vlcll,sys1qwhd5dz4mxkfwylg9jz4x56ggnc4z2d22u4l78w,Bitget
sys1qj98p2mt6zdz5mek95752vdjkw0w6q0ry4yv8pz,sys1qwhd5dz4mxkfwylg9jz4x56ggnc4z2d22u4l78w,Bitget
sys1qp7v70t7dw8q4t7759n90msx3fm5wnxqctjrnx7,sys1qwhd5dz4mxkfwylg9jz4x56ggnc4z2d22u4l78w,Bitget
sys1qjpnhz9g56w3ph7ncfl7cvul6zuwujwwxkahzs0,sys1qwhd5dz4mxkfwylg9jz4x56ggnc4z2d22u4l78w,Bitget
sys1qckd402fqlhgwseeprju6l8l948tl86adefgaww,sys1qwhd5dz4mxkfwylg9jz4x56ggnc4z2d22u4l78w,Bitget
sys1qaqfjyjvgqgav452ppuyh3ltzxmra89fepk7ehr,sys1qwhd5dz4mxkfwylg9jz4x56ggnc4z2d22u4l78w,Bitget
SNBZeat8yj5QNEF8gQq1fdkj9yfVQrstoK,ScM7oHdCXXZistSxPr7YjxyZ8tUf3HG8c2,Gate
SMrpL9syFR6j1H6XzdaZMAEY5SsHbJoNa6,ScM7oHdCXXZistSxPr7YjxyZ8tUf3HG8c2,Gate
sys1qrtc3qva9aj0e90jgqc4sdku6h0l7ep6nx28w7r,sys1qwhd5dz4mxkfwylg9jz4x56ggnc4z2d22u4l78w,Bitget
sys1qfe8hdq00dej5qc52cn2cudxrkyqx50p9kg70a6,sys1qwhd5dz4mxkfwylg9jz4x56ggnc4z2d22u4l78w,Bitget
sys1ql2ukun996935m0gxwl6vl6pn8rk29edwd5aeuq,sys1qwhd5dz4mxkfwylg9jz4x56ggnc4z2d22u4l78w,Bitget
sys1q5c6jazzwnflvc3dkk0m7ay4nygnuawsdrklgpf,sys1qwhd5dz4mxkfwylg9jz4x56ggnc4z2d22u4l78w,Bitget
sys1q56erepnzgj8vuavy37kj5l6h55g4z5gjdem49n,sys1qwhd5dz4mxkfwylg9jz4x56ggnc4z2d22u4l78w,Bitget
sys1qxul8rxucrhxjz36zhx8sdg4jzgctw2h9h97nwe,sys1qwhd5dz4mxkfwylg9jz4x56ggnc4z2d22u4l78w,Bitget
sys1qmv88eugf9rh6949s74tqkt6kgxlv28kq770j8n,sys1qwhd5dz4mxkfwylg9jz4x56ggnc4z2d22u4l78w,Bitget
sys1qka4xnwktyltt2lvqp5f5fjx2tz0q8t2mna0hug,sys1qwhd5dz4mxkfwylg9jz4x56ggnc4z2d22u4l78w,Bitget
SNXbHDcVaZte3D6BmxtESc4GgzhK1NgNtB,ScM7oHdCXXZistSxPr7YjxyZ8tUf3HG8c2,Gate
sys1qxawt6t0ugwpa2vu03xz70mfw9dsmnqst5h2av0,sys1qwhd5dz4mxkfwylg9jz4x56ggnc4z2d22u4l78w,Bitget
sys1qud5uuv5nafvlk7np7vgckgqwewnscha4wxdk8x,sys1qwhd5dz4mxkfwylg9jz4x56ggnc4z2d22u4l78w,Bitget
sys1qpryle8xca3czdxvkklujv8yyau3awq7fc4reka,sys1qeyt05mxwlud4q66u8u2jtyq4markks4ru5ldk8,MEXC
sys1q6h8gp3n8ruw589cfvpxund8gfzyeay5wuqd0fp,sys1qwhd5dz4mxkfwylg9jz4x56ggnc4z2d22u4l78w,Bitget
sys1qhejhhek2s4r5gkxt7kwwzt423h993qk7h7u2hz,sys1qwhd5dz4mxkfwylg9jz4x56ggnc4z2d22u4l78w,Bitget
sys1qvkdn9gel7xp80x0mmxmn3p783x7hxttfd7l4s2,sys1qwhd5dz4mxkfwylg9jz4x56ggnc4z2d22u4l78w,Bitget
sys1qa35k0yamrs4u9f5ha5x0arfscjq6wr0xjzr2w4,sys1qwhd5dz4mxkfwylg9jz4x56ggnc4z2d22u4l78w,Bitget
sys1qe2f5l4z86kjccwdr3v8f3ag3lcahxls467rny3,sys1qwhd5dz4mxkfwylg9jz4x56ggnc4z2d22u4l78w,Bitget
sys1q9cv2y57zmxyld6j6qgmg5dkgkejn6fdnkr4gk0,sys1qwhd5dz4mxkfwylg9jz4x56ggnc4z2d22u4l78w,Bitget
sys1qsky02ay32phddpr0stawc8hxk28a8pst9z97mt,sys1qwhd5dz4mxkfwylg9jz4x56ggnc4z2d22u4l78w,Bitget
sys1qcr0g8rmrgcknumxp0fc5vlu787awc5wejge66q,sys1qwhd5dz4mxkfwylg9jz4x56ggnc4z2d22u4l78w,Bitget
sys1q00vz69n3zf4xjuskj6mxfnzhdyj6azgkz7tgdq,sys1qwhd5dz4mxkfwylg9jz4x56ggnc4z2d22u4l78w,Bitget
sys1qwpkrgmlthglqq878zkwcu67xdc8jp6hwt93cuu,sys1qwhd5dz4mxkfwylg9jz4x56ggnc4z2d22u4l78w,Bitget
sys1qls57yrgfpnpv4sqq350sreq795wu72cqe3f42v,sys1qwhd5dz4mxkfwylg9jz4x56ggnc4z2d22u4l78w,Bitget
sys1qj8yly8jmh3784x8stn6hhpup7p9xkzzpdea5fe,sys1qwhd5dz4mxkfwylg9jz4x56ggnc4z2d22u4l78w,Bitget
sys1qlffpdhftreq33ghea8hma6qgpmsm0y8v5vak9t,sys1qwhd5dz4mxkfwylg9jz4x56ggnc4z2d22u4l78w,Bitget
sys1qajcvlugfddjmj2f46je3ln99zz4l283gcfgn0a,sys1qwhd5dz4mxkfwylg9jz4x56ggnc4z2d22u4l78w,Bitget
sys1qkn490f7572glyted2mu44yudrlc96jgr9z7vlp,sys1qwhd5dz4mxkfwylg9jz4x56ggnc4z2d22u4l78w,Bitget
sys1qpp77c6e9ssrqthvmmn0jhpzgvskn00y9plvmvz,sys1qeyt05mxwlud4q66u8u2jtyq4markks4ru5ldk8,MEXC
sys1q0r0mk0pthztqtu8y7r4y85ltdfzaretrfa396l,sys1qwhd5dz4mxkfwylg9jz4x56ggnc4z2d22u4l78w,Bitget
sys1q790xv74tcfjffcpxnf6keav0l034z3nl8z70un,sys1qwhd5dz4mxkfwylg9jz4x56ggnc4z2d22u4l78w,Bitget
sys1qg2vlws93f5ma03qfkugamwj2vcpyq8420ya6h2,sys1qwhd5dz4mxkfwylg9jz4x56ggnc4z2d22u4l78w,Bitget
sys1qy2d3u07xxdrvjh7rry40pctfp48yn0wmpzehp8,sys1qwhd5dz4mxkfwylg9jz4x56ggnc4z2d22u4l78w,Bitget
sys1qps2h6sqgplaly2wsqmtcvn6q7u5yhec8yqysj6,sys1qwhd5dz4mxkfwylg9jz4x56ggnc4z2d22u4l78w,Bitget
sys1qatesxdcq7xtxm93ey8jky5g2rh3p258ftjsr77,sys1qwhd5dz4mxkfwylg9jz4x56ggnc4z2d22u4l78w,Bitget
Sjj2mRLyb5MYJMcM5Ym8GSRwsFMaSyoTQw,ScM7oHdCXXZistSxPr7YjxyZ8tUf3HG8c2,Gate
sys1qfpeqwsuqupzct8c2g0qsxzvzphtpc570trjcvx,sys1qwhd5dz4mxkfwylg9jz4x56ggnc4z2d22u4l78w,Bitget
sys1qktsp235vatqq2pwcmduc55pdpd7egrc7zthppm,sys1qwhd5dz4mxkfwylg9jz4x56ggnc4z2d22u4l78w,Bitget
sys1qeppg0h80wnfegkmv2gv2qpsa7ljj04k6qrq983,sys1qeyt05mxwlud4q66u8u2jtyq4markks4ru5ldk8,MEXC
sys1qy2pzm73uugel5j4pej5lvl9nc3jtura8u8m5ef,sys1qeyt05mxwlud4q66u8u2jtyq4markks4ru5ldk8,MEXC
sys1qk2sx2pxcl34ruew8qgwtjfqf5zrr9pl9nf5zt8,SiATwdpf68Fw7cLY8vmhNJFqMkfeo7irvs,Gate
sys1q00uwfd48w2rha8maxu3nauvmjulcvlz9gwlrs6,sys1qeyt05mxwlud4q66u8u2jtyq4markks4ru5ldk8,MEXC
sys1q7ny87cvmsxms80s4q08p0t8aqnyt74gypsyg46,sys1qeyt05mxwlud4q66u8u2jtyq4markks4ru5ldk8,MEXC
sys1q7xvne8fvsuvv7r5tdxa4fz3chs038d9cu63f97,sys1qeyt05mxwlud4q66u8u2jtyq4markks4ru5ldk8,MEXC
sys1qr9ldu73zphuwjuev227ypzf2w6u97jpxttr2ve,sys1qeyt05mxwlud4q66u8u2jtyq4markks4ru5ldk8,MEXC
